author,rating,text,created_at
Tate G.,5,Customer service was genuinely helpful when my order was delayed.,2026-04-06T08:00:00Z
Cruz H.,2,Tracking said out for delivery for four straight days. Confusing and stressful.,2026-04-06T12:45:00Z
Roman L.,1,"Delivery estimate said five days, reality was fourteen.",2026-04-07T14:45:00Z
Elle E.,3,Package sat in one city for six days according to tracking. Very slow carrier.,2026-04-07T15:30:00Z
Rhys S.,5,Mine arrived damaged and support sent a replacement in two days. Great service.,2026-04-08T13:15:00Z
Pia B.,3,"Bought this on a whim and then waited 11 days wondering if I'd been scammed. It's real, just slow.",2026-04-09T16:30:00Z
Bee C.,2,Cracked plastic on the side from shipping damage. Disappointing for the price.,2026-04-09T07:00:00Z
Levi F.,5,Perfect crema every shot. My partner uses it more than I do now.,2026-04-10T20:15:00Z
Iris R.,3,Tracking was useless. Had to email support twice to find out where it was.,2026-04-11T09:45:00Z
Anya J.,2,"Nine days and counting with no update, then it just appeared. Fix the tracking.",2026-04-11T14:30:00Z
Reid P.,5,The taste sold me. Compact size is a bonus.,2026-04-12T18:30:00Z
Nina T.,2,Mine arrived with the manual missing and the box already opened.,2026-04-13T13:15:00Z
Drew L.,3,Shipping needs work. Everything else about this brand is good.,2026-04-13T16:15:00Z
Bee Z.,1,"Packaging was destroyed. Machine survived but barely, no protection inside at all.",2026-04-14T08:00:00Z
Wade L.,5,Bought it off my fyp at 2am and zero regrets.,2026-04-15T12:00:00Z
Owen B.,5,Support replaced my faulty frother without any hassle.,2026-04-15T19:45:00Z
Levi Z.,1,Still no movement on tracking a week in. Eventually arrived on day 12.,2026-04-16T16:15:00Z
Ethan J.,5,Worth the hype and then some. Great coffee.,2026-04-17T15:30:00Z
Lark M.,5,Makes better coffee than machines five times the price.,2026-04-17T19:30:00Z
Hugo W.,5,The hype is real. I use it every day.,2026-04-18T11:00:00Z
Mia E.,2,Idle battery drain is real. Firmware fix needed.,2026-04-19T18:15:00Z
Vance R.,5,Genuinely the best small espresso maker I've tried.,2026-04-19T20:45:00Z
Wren A.,5,Smooth rich espresso every time. Would buy again.,2026-04-20T09:30:00Z
Dana H.,2,Still waiting nine days in with no tracking movement. Finally came but the wait killed the hype.,2026-04-21T21:30:00Z
Faye B.,5,This replaced my entire coffee setup. The taste is that good.,2026-04-21T19:45:00Z
Griff D.,5,"Rich crema, quick heat up, easy cleanup. It just works.",2026-04-22T19:15:00Z
Wade D.,1,Arrived damaged. The lid doesn't sit flush anymore because of a dent.,2026-04-22T13:15:00Z
Griff V.,2,The shipping experience was the worst part. Product itself is honestly great.,2026-04-23T18:15:00Z
Wren M.,4,The shot quality is unreal for a portable machine. Rich and smooth.,2026-04-24T08:30:00Z
Owen G.,1,I love the coffee but the wait made me almost return it before it arrived.,2026-04-24T11:45:00Z
Tate S.,2,Box damage seems common based on other reviews. Mine was crushed too.,2026-04-25T08:00:00Z
Esme F.,5,Bought because everyone was posting about it and it's genuinely good.,2026-04-26T21:30:00Z
Bee A.,5,Viral for a reason. Great little machine.,2026-04-26T17:00:00Z
Anya V.,5,The hype checked out. Using it daily.,2026-04-27T10:30:00Z
Bee B.,2,Battery drains when unused which defeats the point of a portable machine.,2026-04-28T17:30:00Z
Sage H.,2,The carrier lost it for a few days apparently. Took 16 days total.,2026-04-28T12:15:00Z
Dana M.,3,"Fine product, painfully slow shipping. That's the whole review.",2026-04-29T17:45:00Z
Marlo T.,1,The packaging is way too thin for something this expensive.,2026-04-30T16:15:00Z
Opal Z.,2,Machine was fine but the box was destroyed. Got lucky I think.,2026-04-30T15:00:00Z
June N.,2,"Took ages and arrived with no notification, just found it at my door.",2026-05-01T13:45:00Z
Verity H.,1,Came with a dent that affects how the lid closes. Annoying.,2026-05-02T17:15:00Z
Finn P.,2,Great coffee but the battery discharges way too fast when idle.,2026-05-02T18:00:00Z
Cruz E.,5,Tastes amazing and takes up no space. Ideal for small kitchens.,2026-05-03T19:45:00Z
Wade R.,5,Best espresso I've had from anything this small. Obsessed.,2026-05-04T16:00:00Z
Tate A.,5,"Rich taste, easy to clean, tiny footprint. Nothing to complain about.",2026-05-04T08:00:00Z
Nina V.,5,One of the rare viral products that lives up to the videos.,2026-05-05T18:15:00Z
Ari T.,5,"Not just a trend, this thing is actually useful.",2026-05-06T11:45:00Z
Arlo R.,2,"Bought after a viral video, waited 13 days, worth it but barely.",2026-05-06T13:00:00Z
Enzo G.,2,Won't hold charge past a couple days. Otherwise a great machine.,2026-05-07T19:15:00Z
Lily D.,2,Waited so long I opened a support ticket. It arrived the next day.,2026-05-08T17:45:00Z
Reid H.,1,Box was soaked and falling apart. Machine works but it's cosmetically damaged.,2026-05-08T07:00:00Z
Cruz C.,2,Twelve days for something advertised as fast shipping. Misleading.,2026-05-09T11:30:00Z
Hugo V.,5,The taste is smooth and full. Way better than pod machines.,2026-05-09T11:30:00Z
Enzo J.,3,Charging takes long and the charge doesn't last. Only real flaw.,2026-05-10T15:45:00Z
Pia T.,3,Ordered after seeing it on my fyp and it took 13 days to show up. Coffee is good but that wait was rough.,2026-05-11T15:00:00Z
Ruby B.,5,"Easy to use, easy to clean, and the shot quality is top tier.",2026-05-11T17:45:00Z
Juno L.,5,Coffee quality is outstanding. Worth every dollar.,2026-05-12T19:00:00Z
Quinn P.,2,The espresso is great but mine arrived with a cracked casing.,2026-05-13T15:00:00Z
Levi S.,3,Shipping was so slow. Tracking didn't update for over a week and I thought it got lost.,2026-05-13T13:15:00Z
Noah G.,5,The team refunded my shipping when it was late. Nice touch.,2026-05-14T13:45:00Z
Nora P.,5,Crema is thick and the flavor is balanced. Very happy.,2026-05-15T09:45:00Z
Zoe F.,2,"Dented on arrival, again. Third time ordering from this brand.",2026-05-15T15:00:00Z
Nash L.,2,The box was so beat up I almost refused delivery.,2026-05-16T13:45:00Z
Delia E.,5,Really well built and the espresso is excellent. Happy purchase.,2026-05-17T13:30:00Z
Anya E.,4,The flavor is so much better than I expected from a viral product.,2026-05-17T15:45:00Z
Wilder T.,2,Slow shipping is the only real complaint. Everything else about it is great.,2026-05-18T16:30:00Z
Roscoe R.,4,Better than my old countertop machine and it fits in a drawer.,2026-05-19T12:30:00Z
Drew W.,2,The outer box was torn and the frother was missing from the accessories.,2026-05-19T14:30:00Z
Otto C.,5,The crema on this thing is better than my local shop.,2026-05-20T15:30:00Z
Skye R.,5,The videos undersold it honestly. Better in person.,2026-05-21T17:30:00Z
Greta V.,4,Flavor is rich and clean. I've stopped buying coffee out.,2026-05-21T07:00:00Z
Zane V.,3,Had to charge it three times on a two day trip. Battery needs work.,2026-05-22T19:15:00Z
Posy F.,5,"Compact, fast, and the coffee is genuinely great. No notes.",2026-05-23T16:00:00Z
Sylvie J.,5,"The espresso is legitimately excellent, not just good for a portable.",2026-05-23T17:15:00Z
Hugo N.,5,Genuinely did not expect this to be good and the crema is incredible.,2026-05-24T13:45:00Z
Zev G.,5,Heats in under a minute and pulls a great shot. Love it.,2026-05-25T07:30:00Z
Tara E.,1,Came in a flimsy box with no padding. Mine was dented on one side.,2026-05-25T18:45:00Z
Dana W.,4,Better than expected in every way that matters. Great espresso.,2026-05-26T07:30:00Z
Drew G.,4,Great shot quality and it's held up well after two months.,2026-05-26T08:15:00Z
Mabel V.,5,"Trust the videos on this one, it's legit.",2026-05-27T13:45:00Z
Iris T.,5,"Excellent coffee, simple to operate, easy to rinse out.",2026-05-28T11:15:00Z
Ava Z.,3,Camping trip and the battery died on day two. Bring a power bank.,2026-05-28T07:00:00Z
Nina A.,5,"Smooth, strong, and consistent every time. Really impressed.",2026-05-29T21:45:00Z
Nash B.,4,Espresso quality rivals cafes near me. Genuinely surprised.,2026-05-30T09:15:00Z
Wilder N.,2,Box arrived completely crushed. The machine works but the water tank has a crack.,2026-05-30T16:00:00Z
Marlo W.,2,"Second order, second smashed box. They need better packaging seriously.",2026-05-31T07:45:00Z
Jude S.,2,"Torn sleeve, crushed corner, dented unit. Not a great first impression.",2026-06-01T14:00:00Z
Finn F.,5,The coffee is fantastic and the build feels solid.,2026-06-01T10:00:00Z
Nora V.,2,"The product is great, the shipping is not. Twelve days and zero updates.",2026-06-02T12:15:00Z
Remi P.,5,Was skeptical of the hype but this one delivers.,2026-06-03T08:30:00Z
Vance J.,5,Cleanup takes thirty seconds and the coffee is fantastic.,2026-06-03T14:15:00Z
Milo S.,2,The power management is bad. It loses charge sitting in my bag.,2026-06-04T17:45:00Z
Drew E.,2,"Charge doesn't hold. Full at night, dead by morning.",2026-06-05T14:30:00Z
Arlo P.,5,Coffee quality alone makes this worth it. Best purchase this year.,2026-06-05T17:45:00Z
Anya T.,5,I make two shots a day with it and it hasn't missed once.,2026-06-06T12:15:00Z
Bree D.,5,"Rich crema, no bitterness, heats up fast. Exactly what I wanted.",2026-06-07T11:15:00Z
Wren P.,1,Arrived with the box open and taped back shut. Felt like a return being resold.,2026-06-07T10:45:00Z
Hattie A.,5,"Bought it skeptical, now I use it twice a day. Coffee is excellent.",2026-06-08T08:30:00Z
Rex E.,5,Impulse bought from a video and it's my favorite purchase this year.,2026-06-09T19:30:00Z
Verity A.,2,"No bubble wrap, no padding, just the machine loose in a thin box. Dented on arrival.",2026-06-09T11:30:00Z
Zoe G.,1,Tracking number didn't work at all for the first week. Not a good look.,2026-06-10T16:15:00Z
Cole H.,1,"Ordered twice, both times took over ten days. Consistent but consistently slow.",2026-06-10T17:30:00Z
Liam K.,2,Love it but the battery only gives me a few shots before needing a charge.,2026-06-11T19:15:00Z
Enzo M.,2,Battery life is the weak point. Loses half its charge just sitting there.,2026-06-12T10:15:00Z
Milo Z.,1,Box looked like it had been kicked. Machine has a scratch across the front.,2026-06-12T15:15:00Z
Drew D.,2,Two weeks wait. The machine is great but manage your expectations on delivery.,2026-06-13T21:00:00Z
Jude T.,1,The wait was so long I forgot I ordered it. Nice surprise but come on.,2026-06-14T17:00:00Z
Hattie J.,3,I bought this for a trip and it arrived after I got back. Please fix the delivery times.,2026-06-14T07:30:00Z
Bee G.,1,"Ordered on a Monday, got it 15 days later. Coffee's solid but I almost cancelled.",2026-06-15T11:45:00Z
Verity T.,1,Everyone in the comments said shipping was slow and they were right.,2026-06-16T07:00:00Z
Bo A.,1,Packaging needs a redesign. Mine came damaged and so did my friend's.,2026-06-16T08:15:00Z
Nina P.,1,Packaging fail. Everything rattling around inside with nothing holding it.,2026-06-17T15:30:00Z
Greta Z.,3,The product deserves better logistics honestly. Coffee is excellent.,2026-06-18T08:00:00Z
June V.,3,Delivery took forever and support was slow to answer about it too.,2026-06-18T21:15:00Z
Elle V.,3,Took almost two weeks. For the price I expected faster than this honestly.,2026-06-19T15:15:00Z
Posy G.,5,Great crema and it's so easy to use. Bought one for my mom too.,2026-06-20T17:30:00Z
Greta G.,5,Viral purchase that I'd actually recommend to friends.,2026-06-20T14:45:00Z
Marlo Z.,5,Perfect for my desk at work. Coffee tastes great.,2026-06-21T12:15:00Z
Ines E.,4,"Makes a proper shot, not a watery imitation. Impressed.",2026-06-22T12:30:00Z
Otis M.,5,Quick and friendly support. They actually read my message.,2026-06-22T14:15:00Z
Knox L.,1,"Slow, slow, slow. But I'd still buy it again because the espresso is that good.",2026-06-23T20:00:00Z
Tess L.,5,Saw it three times on my feed and caved. Glad I did.,2026-06-24T19:00:00Z
Wren G.,5,Had a question about descaling and they replied within an hour.,2026-06-24T14:15:00Z
Wren D.,2,Battery is disappointing for the price. Everything else is solid.,2026-06-25T14:45:00Z
Rhys H.,5,The espresso is smooth and the machine feels premium in hand.,2026-06-26T18:30:00Z
Cora C.,4,Tastes like a real cafe shot. I use it every single morning now.,2026-06-26T13:15:00Z
Rex N.,2,Died mid-shot twice. Battery capacity feels overstated.,2026-06-27T12:15:00Z
Lily P.,5,Best small machine I've owned and I've tried a few.,2026-06-27T17:30:00Z
Dex V.,1,Arrived in a battered box with a broken accessory clip.,2026-06-28T11:15:00Z
Sol E.,3,Delivery took longer than every other order I placed that week.,2026-06-29T13:30:00Z
Tate N.,1,No shipping updates for eight days then suddenly delivered. Weird process.,2026-06-29T16:00:00Z
Griff A.,1,Crushed corner and a cracked pressure gauge. Requested a replacement.,2026-06-30T14:30:00Z
Lily G.,2,Battery drops from full to half in two days of not using it.,2026-07-01T08:00:00Z
Ari M.,5,"Saw it on tiktok, bought it, do not regret it. Actually worth the hype.",2026-07-01T13:45:00Z
Suki D.,5,Support answered fast and sorted out my shipping issue immediately.,2026-07-02T20:45:00Z
Sol T.,5,Rare case of a viral product being genuinely good.,2026-07-03T11:00:00Z
Posy L.,5,"Been using it daily for a month, quality hasn't dropped at all.",2026-07-03T08:30:00Z
Opal G.,1,Zero protection in the box. Mine has a permanent dent on the base.,2026-07-04T10:00:00Z
Owen S.,2,Battery drains overnight even when it's off. Have to charge before every use.,2026-07-05T18:30:00Z
Miles A.,5,Everyone said get it and they were right.,2026-07-05T14:30:00Z
Zoe V.,2,Two weeks to arrive. The espresso is worth it but be ready to wait.,2026-07-06T11:15:00Z
Zev T.,2,Ordered for a gift and it arrived two weeks after the birthday. Frustrating.,2026-07-07T10:30:00Z
Ari S.,2,Slow delivery but the espresso quality made up for it in the end.,2026-07-07T17:30:00Z
Faye G.,1,It came eventually but the estimated date was off by ten days.,2026-07-08T12:00:00Z
Knox D.,5,Consistent great shots every morning. Zero complaints on quality.,2026-07-09T12:45:00Z
Elle F.,2,Would give five stars if shipping wasn't this slow. Genuinely a great machine.,2026-07-09T16:30:00Z
June K.,5,Really good crema and no bitter aftertaste at all.,2026-07-10T14:30:00Z
Roscoe D.,4,"Strong, rich, no grit. Exactly what I hoped for.",2026-07-11T14:30:00Z
Roman B.,1,Got it with a dented body and a bent handle. Support replaced it but still.,2026-07-11T10:45:00Z
Rhys R.,5,Actually lives up to what people say about it.,2026-07-12T21:15:00Z
Marcus T.,2,Unit arrived dented with the box torn open. Had to request a replacement.,2026-04-20T11:00:00Z
Priya S.,3,Tracking said delivered three days before it actually arrived. Very slow carrier.,2026-04-21T07:00:00Z
Dan W.,5,The flavor is rich and smooth. Best purchase I've made this year.,2026-04-23T14:00:00Z
Lena K.,2,Delivery was slow and the tracking page was useless. Almost two weeks to arrive.,2026-04-25T17:00:00Z
Omar R.,4,Good espresso on the go. The compact size is perfect for my desk at work.,2026-04-26T07:00:00Z
Grace H.,3,"Neutral feelings - works as described, nothing spectacular. Shipping box was a bit banged up.",2026-04-28T15:00:00Z
Tomas L.,5,Excellent taste and so easy to clean after each use. Recommend to any traveler.,2026-04-30T06:00:00Z
Nadia P.,5,"Beautiful design, great taste, easy to use. What more could you ask for.",2026-05-01T15:00:00Z
Chris B.,1,Arrived with a crushed box and a cracked water tank. Packaging needs serious work.,2026-05-03T09:00:00Z
Sofia M.,2,The box looked like it had been kicked across the warehouse. Dented machine inside.,2026-05-05T13:00:00Z
Ethan JA.,5,Customer support replaced my unit within two days. Really impressed with the service.,2026-05-06T16:00:00Z
Yara F.,2,Battery life is disappointing. It discharges while idle and dies mid-shot sometimes.,2026-05-08T14:00:00Z
Liam O.,3,"Love the coffee, but shipping took 11 days and tracking never updated. Frustrating experience.",2026-05-10T12:00:00Z
Maya R.,5,Espresso quality rivals my home machine. Compact and well built.,2026-05-11T18:00:00Z
Noah C.,5,"Best travel espresso I have owned. Rich crema, compact, and the battery lasts all week.",2026-05-13T11:00:00Z
Ava D.,5,The support team refunded my shipping fee without me even asking. Impressive service.,2026-05-15T13:00:00Z
Lucas G.,1,"Packaging was flimsy, unit was dented on arrival. Coffee tastes fine when it works though.",2026-05-16T15:00:00Z
Emma V.,5,Fantastic crema and the heat-up time is impressively quick. Love it.,2026-05-18T20:00:00Z
Oliver P.,2,Arrived late and the outer sleeve was torn. Product itself is decent once you get it going.,2026-05-20T13:00:00Z
Mia S.,5,Had an issue with the pump and the support team sent a replacement immediately. Great service.,2026-05-21T11:00:00Z
Elijah K.,5,Fast replacement when my frother arrived faulty. Support genuinely cares.,2026-05-23T10:00:00Z
Zoe T.,2,The shipping box was completely crushed. Luckily the unit survived but this packaging is unacceptable.,2026-05-25T09:00:00Z
Jack N.,3,It's okay. Makes decent coffee but nothing that wows me. Average machine overall.,2026-05-26T18:00:00Z
Lily A.,4,Great little machine. Easy cleanup and consistent shots. Worth the money.,2026-05-28T08:00:00Z
Henry B.,1,"Charge doesn't hold. Left it fully charged, two days later it was completely dead.",2026-05-30T17:00:00Z
Ruby W.,2,Great machine but it arrived with the box crushed and the pressure gauge cracked.,2026-06-01T18:00:00Z
Leo M.,3,Slow shipping and zero communication. The product is fine but the wait was painful.,2026-06-02T09:00:00Z
Isla F.,5,"Perfect for camping. Heats fast, easy cleanup, and the crema is bar-quality. Highly recommend.",2026-06-04T07:00:00Z
Owen H.,2,Battery drain issue: loses half its charge sitting unused overnight. Needs a firmware fix.,2026-06-06T15:00:00Z
Nora J.,4,Impressed by the build quality and the espresso is genuinely great.,2026-06-07T10:00:00Z
Caleb R.,2,Shipping was painfully slow. Took 12 days and support could not locate the package.,2026-06-09T14:00:00Z
Aria L.,4,Consistent quality shots and simple cleanup. Exactly what I wanted.,2026-06-11T13:00:00Z
Finn D.,5,Support was fast and helpful when I asked about descaling. Five stars for the team.,2026-06-12T20:00:00Z
Cora E.,2,Outer packaging was ripped and the accessories were loose inside. Disappointed.,2026-06-14T11:00:00Z
Miles Q.,2,Box arrived damaged and wet. The machine has a scratch across the front.,2026-06-16T17:00:00Z
Vera Z.,5,Love how compact it is. Fits in my carry-on and the espresso tastes amazing.,2026-06-17T13:00:00Z
Jude X.,4,Makes a genuinely good shot every morning. Setup instructions could be clearer but I figured it out.,2026-06-19T10:00:00Z
Iris Y.,5,Very happy camper - great espresso at 3000 meters. Compact and reliable.,2026-06-21T15:00:00Z
Rhys U.,2,Took forever to ship. Ten days with no updates before it finally showed up.,2026-06-22T07:00:00Z
Faye I.,4,"Quick, friendly support replies. They walked me through setup over chat.",2026-06-24T07:00:00Z
Cole S.,2,The battery drains overnight even when off. Had to charge before every use on my trip.,2026-06-26T14:00:00Z
June P.,1,"Second order, second damaged box. The corner was smashed and the cup was cracked.",2026-06-27T12:00:00Z
Beau K.,5,"Really impressed with the coffee quality. Smooth, rich flavor and quick heat-up.",2026-06-29T08:00:00Z
Sage O.,2,Ordered for a trip and it arrived after I left. Shipping estimates are way off.,2026-07-01T18:00:00Z
Knox V.,5,The taste is excellent and the design is beautiful. Great crema every single time.,2026-07-02T11:00:00Z
Wren AP.,4,Solid build and easy to clean. Wish the water tank were a little bigger for two shots.,2026-07-04T08:00:00Z
Tate C.,2,"Battery drains way too fast when idle. Great coffee, frustrating power management.",2026-07-06T20:00:00Z
Elle N.,2,Crushed box again. The packaging is way too flimsy for a machine this price.,2026-07-07T13:00:00Z
Reid G.,5,"Rich crema and a solid, premium feel. Very happy with this purchase.",2026-07-09T12:00:00Z
Skye B.,1,Box was open when it arrived and the manual was missing. Felt like a returned item resold.,2026-07-11T06:00:00Z
